{"cameraMode":{"drawMode":0,"name":"Shaded","section":"Shading Mode"},"sceneLighting":true,"audioPlay":false,"sceneViewState":{"m_AlwaysRefresh":false,"showFog":true,"showSkybox":true,"showFlares":true,"showImageEffects":true,"showParticleSystems":true,"showVisualEffectGraphs":true,"m_FxEnabled":true},"in2DMode":false,"pivot":{"x":22.017635345458986,"y":36.445735931396487,"z":37.541683197021487},"rotation":{"x":0.40734776854515078,"y":-0.5472766160964966,"z":0.3461717963218689,"w":0.6439917683601379},"size":11.858186721801758,"orthographic":false}