{"cameraMode":{"drawMode":0,"name":"Shaded","section":"Shading Mode"},"sceneLighting":true,"audioPlay":false,"sceneViewState":{"m_AlwaysRefresh":false,"showFog":true,"showSkybox":true,"showFlares":true,"showImageEffects":true,"showParticleSystems":true,"showVisualEffectGraphs":true,"m_FxEnabled":true},"in2DMode":false,"pivot":{"x":974.9776000976563,"y":188.03187561035157,"z":-31.442636489868165},"rotation":{"x":0.007499400991946459,"y":0.011999374255537987,"z":-0.00008999717829283327,"w":0.9998999238014221},"size":169.3341064453125,"orthographic":false}